"Vell's Concentrated Magic","../assets/item_images/Vell's Concentrated Magic.png","Base"
"Abyssal Brass Ingot","../assets/item_images/Abyssal Brass Ingot.png","Base"
"Blue Whale Molar","../assets/item_images/Blue Whale Molar.png","Base"
"Emergency Ship Repair Kit","../assets/item_images/Emergency Ship Repair Kit.png","Base"
"Ferocious Leather","../assets/item_images/Ferocious Leather.png","Base"
"Forest Fury","../assets/item_images/Forest Fury.png","Base"
"Fugitive Khalk's Shiny Claw","../assets/item_images/Fugitive Khalk's Shiny Claw.png","Base"
"Garmoth's Heart","../assets/item_images/Garmoth's Heart.png","Base"
"Garmoth's Scale","../assets/item_images/Garmoth's Scale.png","Base"
"Intact Griffon's Beak","../assets/item_images/Intact Griffon's Beak.png","Base"
"Mystical Cleaning Oil","../assets/item_images/Mystical Cleaning Oil.png","Base"
"Unidentifiable Fish","../assets/item_images/Unidentifiable Fish.png","Base"
"Whale Meat","../assets/item_images/Whale Meat.png","Base"
"Alchemy Stone Shard","../assets/item_images/Alchemy Stone Shard.png","Base"
"Blue Whale Bone","../assets/item_images/Blue Whale Bone.png","Base"
"Blue Whale Oil","../assets/item_images/Blue Whale Oil.png","Base"
"Coral Crystal","../assets/item_images/Coral Crystal.png","Base"
"Dragon Scale Fossil","../assets/item_images/Dragon Scale Fossil.png","Base"
"Fugitive Khalk's Horn","../assets/item_images/Fugitive Khalk's Horn.png","Base"
"Fugitive Khalk's Skin","../assets/item_images/Fugitive Khalk's Skin.png","Base"
"Golden Pearl","../assets/item_images/Golden Pearl.png","Base"
"Ship Repair Kit","../assets/item_images/Ship Repair Kit.png","Base"
"Special Acacia Seed","../assets/item_images/Special Acacia Seed.png","Base"
"Special Amanita Mushroom","../assets/item_images/Special Amanita Mushroom.png","Base"
"Special Amanita Mushroom Hypha","../assets/item_images/Special Amanita Mushroom Hypha.png","Base"
"Special Ancient Mushroom","../assets/item_images/Special Ancient Mushroom.png","Base"
"Special Ancient Mushroom Hypha","../assets/item_images/Special Ancient Mushroom Hypha.png","Base"
"Special Arrow Mushroom","../assets/item_images/Special Arrow Mushroom.png","Base"
"Special Arrow Mushroom Hypha","../assets/item_images/Special Arrow Mushroom Hypha.png","Base"
"Special Barley","../assets/item_images/Special Barley.png","Base"
"Special Barley Seed","../assets/item_images/Special Barley Seed.png","Base"
"Special Bluffer Mushroom","../assets/item_images/Special Bluffer Mushroom.png","Base"
"Special Bluffer Mushroom Hypha","../assets/item_images/Special Bluffer Mushroom Hypha.png","Base"
"Special Bouquet Mushroom","../assets/item_images/Special Bouquet Mushroom.png","Base"
"Special Bouquet Mushroom Hypha","../assets/item_images/Special Bouquet Mushroom Hypha.png","Base"
"Special Carrot Seed","../assets/item_images/Special Carrot Seed.png","Base"
"Special Chicken Feed","../assets/item_images/Special Chicken Feed.png","Base"
"Special Cloud Mushroom","../assets/item_images/Special Cloud Mushroom.png","Base"
"Special Cloud Mushroom Hypha","../assets/item_images/Special Cloud Mushroom Hypha.png","Base"
"Special Corn","../assets/item_images/Special Corn.png","Base"
"Special Corn Seed","../assets/item_images/Special Corn Seed.png","Base"
"Special Dalvenia Alrea","../assets/item_images/Special Dalvenia Alrea.png","Base"
"Special Dalvenia Alrea Seed","../assets/item_images/Special Dalvenia Alrea Seed.png","Base"
"Special Dry Mane Grass","../assets/item_images/Special Dry Mane Grass.png","Base"
"Special Dry Mane Grass Seed","../assets/item_images/Special Dry Mane Grass Seed.png","Base"
"Special Dwarf Mushroom","../assets/item_images/Special Dwarf Mushroom.png","Base"
"Special Dwarf Mushroom Hypha","../assets/item_images/Special Dwarf Mushroom Hypha.png","Base"
"Special Emperor Mushroom","../assets/item_images/Special Emperor Mushroom.png","Base"
"Special Emperor Mushroom Hypha","../assets/item_images/Special Emperor Mushroom Hypha.png","Base"
"Special Fig","../assets/item_images/Special Fig.png","Base"
"Special Fig Seed","../assets/item_images/Special Fig Seed.png","Base"
"Special Fire Flake Flower","../assets/item_images/Special Fire Flake Flower.png","Base"
"Special Fire Flake Flower Seed","../assets/item_images/Special Fire Flake Flower Seed.png","Base"
"Special Fog Mushroom","../assets/item_images/Special Fog Mushroom.png","Base"
"Special Fog Mushroom Hypha","../assets/item_images/Special Fog Mushroom Hypha.png","Base"
"Special Fortune Teller Mushroom","../assets/item_images/Special Fortune Teller Mushroom.png","Base"
"Special Fortune Teller Mushroom Hypha","../assets/item_images/Special Fortune Teller Mushroom Hypha.png","Base"
"Special Freekeh","../assets/item_images/Special Freekeh.png","Base"
"Special Freekeh Seed","../assets/item_images/Special Freekeh Seed.png","Base"
"Special Garlic","../assets/item_images/Special Garlic.png","Base"
"Special Garlic Seed","../assets/item_images/Special Garlic Seed.png","Base"
"Special Ghost Mushroom","../assets/item_images/Special Ghost Mushroom.png","Base"
"Special Ghost Mushroom Hypha","../assets/item_images/Special Ghost Mushroom Hypha.png","Base"
"Special Grape","../assets/item_images/Special Grape.png","Base"
"Special Grape Seed","../assets/item_images/Special Grape Seed.png","Base"
"Special Haystack","../assets/item_images/Special Haystack.png","Base"
"Special Hot Pepper","../assets/item_images/Special Hot Pepper.png","Base"
"Special Hot Pepper Seed","../assets/item_images/Special Hot Pepper Seed.png","Base"
"Special Hump Mushroom","../assets/item_images/Special Hump Mushroom.png","Base"
"Special Hump Mushroom Hypha","../assets/item_images/Special Hump Mushroom Hypha.png","Base"
"Special Leccinum","../assets/item_images/Special Leccinum.png","Base"
"Special Leccinum Hypha","../assets/item_images/Special Leccinum Hypha.png","Base"
"Special Nolina","../assets/item_images/Special Nolina.png","Base"
"Special Nolina Seed","../assets/item_images/Special Nolina Seed.png","Base"
"Special Nutmeg","../assets/item_images/Special Nutmeg.png","Base"
"Special Nutmeg Seed","../assets/item_images/Special Nutmeg Seed.png","Base"
"Special Olive","../assets/item_images/Special Olive.png","Base"
"Special Olive Seed","../assets/item_images/Special Olive Seed.png","Base"
"Special Onion","../assets/item_images/Special Onion.png","Base"
"Special Onion Seed","../assets/item_images/Special Onion Seed.png","Base"
"Special Paprika","../assets/item_images/Special Paprika.png","Base"
"Special Paprika Seed","../assets/item_images/Special Paprika Seed.png","Base"
"Special Penestraria","../assets/item_images/Special Penestraria.png","Base"
"Special Penestraria Seed","../assets/item_images/Special Penestraria Seed.png","Base"
"Special Pepper","../assets/item_images/Special Pepper.png","Base"
"Special Pepper Seed","../assets/item_images/Special Pepper Seed.png","Base"
"Special Pie Mushroom","../assets/item_images/Special Pie Mushroom.png","Base"
"Special Pie Mushroom Hypha","../assets/item_images/Special Pie Mushroom Hypha.png","Base"
"Special Potato","../assets/item_images/Special Potato.png","Base"
"Special Pumpkin","../assets/item_images/Special Pumpkin.png","Base"
"Special Pumpkin Seed","../assets/item_images/Special Pumpkin Seed.png","Base"
"Special Purple Mushroom","../assets/item_images/Special Purple Mushroom.png","Base"
"Special Purple Mushroom Hypha","../assets/item_images/Special Purple Mushroom Hypha.png","Base"
"Special Seed Potato","../assets/item_images/Special Seed Potato.png","Base"
"Special Seed Sweet Potato","../assets/item_images/Special Seed Sweet Potato.png","Base"
"Special Silk Honey Grass","../assets/item_images/Special Silk Honey Grass.png","Base"
"Special Silk Honey Grass Seed","../assets/item_images/Special Silk Honey Grass Seed.png","Base"
"Special Silver Azalea","../assets/item_images/Special Silver Azalea.png","Base"
"Special Silver Azalea Seed","../assets/item_images/Special Silver Azalea Seed.png","Base"
"Special Sky Mushroom","../assets/item_images/Special Sky Mushroom.png","Base"
"Special Sky Mushroom Hypha","../assets/item_images/Special Sky Mushroom Hypha.png","Base"
"Special Star Anise","../assets/item_images/Special Star Anise.png","Base"
"Special Star Anise Seed","../assets/item_images/Special Star Anise Seed.png","Base"
"Special Strawberry","../assets/item_images/Special Strawberry.png","Base"
"Special Strawberry Seed","../assets/item_images/Special Strawberry Seed.png","Base"
"Special Sunflower","../assets/item_images/Special Sunflower.png","Base"
"Special Sunflower Seed","../assets/item_images/Special Sunflower Seed.png","Base"
"Special Sunrise Herb","../assets/item_images/Special Sunrise Herb.png","Base"
"Special Sunrise Herb Seed","../assets/item_images/Special Sunrise Herb Seed.png","Base"
"Special Sweet Potato","../assets/item_images/Special Sweet Potato.png","Base"
"Special Teff","../assets/item_images/Special Teff.png","Base"
"Special Teff Seed","../assets/item_images/Special Teff Seed.png","Base"
"Special Tiger Mushroom","../assets/item_images/Special Tiger Mushroom.png","Base"
"Special Tiger Mushroom Hypha","../assets/item_images/Special Tiger Mushroom Hypha.png","Base"
"Special Tomato","../assets/item_images/Special Tomato.png","Base"
"Special Tomato Seed","../assets/item_images/Special Tomato Seed.png","Base"
"Special Wheat","../assets/item_images/Special Wheat.png","Base"
"Special Wheat Seed","../assets/item_images/Special Wheat Seed.png","Base"
"Top-Quality Cooking Honey","../assets/item_images/Top-Quality Cooking Honey.png","Base"
"Tridana Giant Clam Shellfish","../assets/item_images/Tridana Giant Clam Shellfish.png","Base"
"Vell's Fine Powder","../assets/item_images/Vell's Fine Powder.png","Base"
"Warm Seed","../assets/item_images/Warm Seed.png","Base"
"Blue Whale Meat","../assets/item_images/Blue Whale Meat.png","Base"
"Blue Whale Tendon","../assets/item_images/Blue Whale Tendon.png","Base"
"Crocodile Meat","../assets/item_images/Crocodile Meat.png","Base"
"Good Chicken Feed","../assets/item_images/Good Chicken Feed.png","Base"
"High-Quality Acacia Seed","../assets/item_images/High-Quality Acacia Seed.png","Base"
"High-Quality Amanita Mushroom","../assets/item_images/High-Quality Amanita Mushroom.png","Base"
"High-Quality Amanita Mushroom Hypha","../assets/item_images/High-Quality Amanita Mushroom Hypha.png","Base"
"High-Quality Ancient Mushroom","../assets/item_images/High-Quality Ancient Mushroom.png","Base"
"High-Quality Ancient Mushroom Hypha","../assets/item_images/High-Quality Ancient Mushroom Hypha.png","Base"
"High-Quality Arrow Mushroom","../assets/item_images/High-Quality Arrow Mushroom.png","Base"
"High-Quality Arrow Mushroom Hypha","../assets/item_images/High-Quality Arrow Mushroom Hypha.png","Base"
"High-Quality Barley","../assets/item_images/High-Quality Barley.png","Base"
"High-Quality Barley Seed","../assets/item_images/High-Quality Barley Seed.png","Base"
"High-Quality Bluffer Mushroom","../assets/item_images/High-Quality Bluffer Mushroom.png","Base"
"High-Quality Bluffer Mushroom Hypha","../assets/item_images/High-Quality Bluffer Mushroom Hypha.png","Base"
"High-Quality Bouquet Mushroom","../assets/item_images/High-Quality Bouquet Mushroom.png","Base"
"High-Quality Bouquet Mushroom Hypha","../assets/item_images/High-Quality Bouquet Mushroom Hypha.png","Base"
"High-Quality Carrot Seed","../assets/item_images/High-Quality Carrot Seed.png","Base"
"High-Quality Cloud Mushroom","../assets/item_images/High-Quality Cloud Mushroom.png","Base"
"High-Quality Cloud Mushroom Hypha","../assets/item_images/High-Quality Cloud Mushroom Hypha.png","Base"
"High-Quality Cooking Honey","../assets/item_images/High-Quality Cooking Honey.png","Base"
"High-Quality Corn","../assets/item_images/High-Quality Corn.png","Base"
"High-Quality Corn Seed","../assets/item_images/High-Quality Corn Seed.png","Base"
"High-Quality Dalvenia Alrea","../assets/item_images/High-Quality Dalvenia Alrea.png","Base"
"High-Quality Dalvenia Alrea Seed","../assets/item_images/High-Quality Dalvenia Alrea Seed.png","Base"
"High-Quality Dry Mane Grass","../assets/item_images/High-Quality Dry Mane Grass.png","Base"
"High-Quality Dry Mane Grass Seed","../assets/item_images/High-Quality Dry Mane Grass Seed.png","Base"
"High-Quality Dwarf Mushroom","../assets/item_images/High-Quality Dwarf Mushroom.png","Base"
"High-Quality Dwarf Mushroom Hypha","../assets/item_images/High-Quality Dwarf Mushroom Hypha.png","Base"
"High-Quality Emperor Mushroom","../assets/item_images/High-Quality Emperor Mushroom.png","Base"
"High-Quality Emperor Mushroom Hypha","../assets/item_images/High-Quality Emperor Mushroom Hypha.png","Base"
"High-Quality Fig","../assets/item_images/High-Quality Fig.png","Base"
"High-Quality Fig Seed","../assets/item_images/High-Quality Fig Seed.png","Base"
"High-Quality Fire Flake Flower","../assets/item_images/High-Quality Fire Flake Flower.png","Base"
"High-Quality Fire Flake Flower Seed","../assets/item_images/High-Quality Fire Flake Flower Seed.png","Base"
"High-Quality Fog Mushroom","../assets/item_images/High-Quality Fog Mushroom.png","Base"
"High-Quality Fog Mushroom Hypha","../assets/item_images/High-Quality Fog Mushroom Hypha.png","Base"
"High-Quality Fortune Teller Mushroom","../assets/item_images/High-Quality Fortune Teller Mushroom.png","Base"
"High-Quality Fortune Teller Mushroom Hypha","../assets/item_images/High-Quality Fortune Teller Mushroom Hypha.png","Base"
"High-Quality Freekeh","../assets/item_images/High-Quality Freekeh.png","Base"
"High-Quality Freekeh Seed","../assets/item_images/High-Quality Freekeh Seed.png","Base"
"High-Quality Garlic","../assets/item_images/High-Quality Garlic.png","Base"
"High-Quality Garlic Seed","../assets/item_images/High-Quality Garlic Seed.png","Base"
"High-Quality Ghost Mushroom","../assets/item_images/High-Quality Ghost Mushroom.png","Base"
"High-Quality Ghost Mushroom Hypha","../assets/item_images/High-Quality Ghost Mushroom Hypha.png","Base"
"High-Quality Grape","../assets/item_images/High-Quality Grape.png","Base"
"High-Quality Grape Seed","../assets/item_images/High-Quality Grape Seed.png","Base"
"High-Quality Haystack","../assets/item_images/High-Quality Haystack.png","Base"
"High-Quality Hot Pepper","../assets/item_images/High-Quality Hot Pepper.png","Base"
"High-Quality Hot Pepper Seed","../assets/item_images/High-Quality Hot Pepper Seed.png","Base"
"High-Quality Hump Mushroom","../assets/item_images/High-Quality Hump Mushroom.png","Base"
"High-Quality Hump Mushroom Hypha","../assets/item_images/High-Quality Hump Mushroom Hypha.png","Base"
"High-Quality Leccinum","../assets/item_images/High-Quality Leccinum.png","Base"
"High-Quality Leccinum Mushroom Hypha","../assets/item_images/High-Quality Leccinum Mushroom Hypha.png","Base"
"High-Quality Nolina","../assets/item_images/High-Quality Nolina.png","Base"
"High-Quality Nolina Seed","../assets/item_images/High-Quality Nolina Seed.png","Base"
"High-Quality Nutmeg","../assets/item_images/High-Quality Nutmeg.png","Base"
"High-Quality Nutmeg Seed","../assets/item_images/High-Quality Nutmeg Seed.png","Base"
"High-Quality Olive","../assets/item_images/High-Quality Olive.png","Base"
"High-Quality Olive Seed","../assets/item_images/High-Quality Olive Seed.png","Base"
"High-Quality Onion","../assets/item_images/High-Quality Onion.png","Base"
"High-Quality Onion Seed","../assets/item_images/High-Quality Onion Seed.png","Base"
"High-Quality Paprika","../assets/item_images/High-Quality Paprika.png","Base"
"High-Quality Paprika Seed","../assets/item_images/High-Quality Paprika Seed.png","Base"
"High-Quality Penestraria","../assets/item_images/High-Quality Penestraria.png","Base"
"High-Quality Penestraria Seed","../assets/item_images/High-Quality Penestraria Seed.png","Base"
"High-Quality Pepper","../assets/item_images/High-Quality Pepper.png","Base"
"High-Quality Pepper Seed","../assets/item_images/High-Quality Pepper Seed.png","Base"
"High-Quality Pie Mushroom","../assets/item_images/High-Quality Pie Mushroom.png","Base"
"High-Quality Pie Mushroom Hypha","../assets/item_images/High-Quality Pie Mushroom Hypha.png","Base"
"High-Quality Potato","../assets/item_images/High-Quality Potato.png","Base"
"High-Quality Pumpkin","../assets/item_images/High-Quality Pumpkin.png","Base"
"High-Quality Pumpkin Seed","../assets/item_images/High-Quality Pumpkin Seed.png","Base"
"High-Quality Purple Mushroom","../assets/item_images/High-Quality Purple Mushroom.png","Base"
"High-Quality Purple Mushroom Hypha","../assets/item_images/High-Quality Purple Mushroom Hypha.png","Base"
"High-Quality Seed Potato","../assets/item_images/High-Quality Seed Potato.png","Base"
"High-Quality Seed Sweet Potato","../assets/item_images/High-Quality Seed Sweet Potato.png","Base"
"High-Quality Silk Honey Grass","../assets/item_images/High-Quality Silk Honey Grass.png","Base"
"High-Quality Silk Honey Grass Seed","../assets/item_images/High-Quality Silk Honey Grass Seed.png","Base"
"High-Quality Silver Azalea","../assets/item_images/High-Quality Silver Azalea.png","Base"
"High-Quality Silver Azalea Seed","../assets/item_images/High-Quality Silver Azalea Seed.png","Base"
"High-Quality Sky Mushroom","../assets/item_images/High-Quality Sky Mushroom.png","Base"
"High-Quality Sky Mushroom Hypha","../assets/item_images/High-Quality Sky Mushroom Hypha.png","Base"
"High-Quality Star Anise","../assets/item_images/High-Quality Star Anise.png","Base"
"High-Quality Star Anise Seed","../assets/item_images/High-Quality Star Anise Seed.png","Base"
"High-Quality Strawberry","../assets/item_images/High-Quality Strawberry.png","Base"
"High-Quality Strawberry Seed","../assets/item_images/High-Quality Strawberry Seed.png","Base"
"High-Quality Sunflower","../assets/item_images/High-Quality Sunflower.png","Base"
"High-Quality Sunflower Seed","../assets/item_images/High-Quality Sunflower Seed.png","Base"
"High-Quality Sunrise Herb","../assets/item_images/High-Quality Sunrise Herb.png","Base"
"High-Quality Sunrise Herb Seed","../assets/item_images/High-Quality Sunrise Herb Seed.png","Base"
"High-Quality Sweet Potato","../assets/item_images/High-Quality Sweet Potato.png","Base"
"High-Quality Teff","../assets/item_images/High-Quality Teff.png","Base"
"High-Quality Teff Seed","../assets/item_images/High-Quality Teff Seed.png","Base"
"High-Quality Tiger Mushroom","../assets/item_images/High-Quality Tiger Mushroom.png","Base"
"High-Quality Tiger Mushroom Hypha","../assets/item_images/High-Quality Tiger Mushroom Hypha.png","Base"
"High-Quality Tomato","../assets/item_images/High-Quality Tomato.png","Base"
"High-Quality Tomato Seed","../assets/item_images/High-Quality Tomato Seed.png","Base"
"High-Quality Wheat","../assets/item_images/High-Quality Wheat.png","Base"
"High-Quality Wheat Seed","../assets/item_images/High-Quality Wheat Seed.png","Base"
"Ship Repair Material","../assets/item_images/Ship Repair Material.png","Base"
"Soft Whale Meat","../assets/item_images/Soft Whale Meat.png","Base"
"Acacia Plank","../assets/item_images/Acacia Plank.png","Base"
"Acacia Plywood","../assets/item_images/Acacia Plywood.png","Base"
"Acacia Sap","../assets/item_images/Acacia Sap.png","Base"
"Acacia Seed","../assets/item_images/Acacia Seed.png","Base"
"Acacia Timber","../assets/item_images/Acacia Timber.png","Base"
"Alluvial Gold","../assets/item_images/Alluvial Gold.png","Base"
"Aloe","../assets/item_images/Aloe.png","Base"
"Amanita Mushroom","../assets/item_images/Amanita Mushroom.png","Base"
"Amanita Mushroom Hypha","../assets/item_images/Amanita Mushroom Hypha.png","Base"
"Ancient Mushroom","../assets/item_images/Ancient Mushroom.png","Base"
"Ancient Mushroom Hypha","../assets/item_images/Ancient Mushroom Hypha.png","Base"
"Apple","../assets/item_images/Apple.png","Base"
"Arrow Mushroom","../assets/item_images/Arrow Mushroom.png","Base"
"Arrow Mushroom Hypha","../assets/item_images/Arrow Mushroom Hypha.png","Base"
"Ash Plank","../assets/item_images/Ash Plank.png","Base"
"Ash Plywood","../assets/item_images/Ash Plywood.png","Base"
"Ash Sap","../assets/item_images/Ash Sap.png","Base"
"Ash Timber","../assets/item_images/Ash Timber.png","Base"
"Audria","../assets/item_images/Audria.png","Base"
"Bag of Muddy Water","../assets/item_images/Bag of Muddy Water.png","Base"
"Banana","../assets/item_images/Banana.png","Base"
"Barley","../assets/item_images/Barley.png","Base"
"Barley Dough","../assets/item_images/Barley Dough.png","Base"
"Barley Flour","../assets/item_images/Barley Flour.png","Base"
"Barley Seed","../assets/item_images/Barley Seed.png","Base"
"Bat Blood","../assets/item_images/Bat Blood.png","Base"
"Bear Blood","../assets/item_images/Bear Blood.png","Base"
"Bear Hide","../assets/item_images/Bear Hide.png","Base"
"Bear Meat","../assets/item_images/Bear Meat.png","Base"
"Beef","../assets/item_images/Beef.png","Base"
"Belladonna Elephant Hide","../assets/item_images/Belladonna Elephant Hide.png","Base"
"Big Amanita Mushroom","../assets/item_images/Big Amanita Mushroom.png","Base"
"Big Ancient Mushroom","../assets/item_images/Big Ancient Mushroom.png","Base"
"Big Arrow Mushroom","../assets/item_images/Big Arrow Mushroom.png","Base"
"Big Bluffer Mushroom","../assets/item_images/Big Bluffer Mushroom.png","Base"
"Big Cloud Mushroom","../assets/item_images/Big Cloud Mushroom.png","Base"
"Big Dwarf Mushroom","../assets/item_images/Big Dwarf Mushroom.png","Base"
"Big Emperor Mushroom","../assets/item_images/Big Emperor Mushroom.png","Base"
"Big Fog Mushroom","../assets/item_images/Big Fog Mushroom.png","Base"
"Big Fortune Teller Mushroom","../assets/item_images/Big Fortune Teller Mushroom.png","Base"
"Big Ghost Mushroom","../assets/item_images/Big Ghost Mushroom.png","Base"
"Big Hump Mushroom","../assets/item_images/Big Hump Mushroom.png","Base"
"Big Sky Mushroom","../assets/item_images/Big Sky Mushroom.png","Base"
"Big Tiger Mushroom","../assets/item_images/Big Tiger Mushroom.png","Base"
"Birch Plank","../assets/item_images/Birch Plank.png","Base"
"Birch Plywood","../assets/item_images/Birch Plywood.png","Base"
"Birch Sap","../assets/item_images/Birch Sap.png","Base"
"Birch Timber","../assets/item_images/Birch Timber.png","Base"
"Bird Meat","../assets/item_images/Bird Meat.png","Base"
"Black Crystal","../assets/item_images/Black Crystal.png","Base"
"Black Gold Ingot","../assets/item_images/Black Gold Ingot.png","Base"
"Black Leopard Hide","../assets/item_images/Black Leopard Hide.png","Base"
"Black Seed","../assets/item_images/Black Seed.png","Base"
"Black Stone Powder","../assets/item_images/Black Stone Powder.png","Base"
"Blood Ruby","../assets/item_images/Blood Ruby.png","Base"
"Bloody Tree Knot","../assets/item_images/Bloody Tree Knot.png","Base"
"Blue Coral","../assets/item_images/Blue Coral.png","Base"
"Blue Crystal","../assets/item_images/Blue Crystal.png","Base"
"Blue Flower","../assets/item_images/Blue Flower.png","Base"
"Blue Umbrella Mushroom","../assets/item_images/Blue Umbrella Mushroom.png","Base"
"Bluffer Mushroom","../assets/item_images/Bluffer Mushroom.png","Base"
"Bluffer Mushroom Hypha","../assets/item_images/Bluffer Mushroom Hypha.png","Base"
"Bottle of River Water","../assets/item_images/Bottle of River Water.png","Base"
"Bottle of Sea Water","../assets/item_images/Bottle of Sea Water.png","Base"
"Bouquet Mushroom","../assets/item_images/Bouquet Mushroom.png","Base"
"Bouquet Mushroom Hypha","../assets/item_images/Bouquet Mushroom Hypha.png","Base"
"Bracken","../assets/item_images/Bracken.png","Base"
"Brass Ingot","../assets/item_images/Brass Ingot.png","Base"
"Breezy White Coral","../assets/item_images/Breezy White Coral.png","Base"
"Brilliant Opal","../assets/item_images/Brilliant Opal.png","Base"
"Bronze Ingot","../assets/item_images/Bronze Ingot.png","Base"
"Bumpy Seed","../assets/item_images/Bumpy Seed.png","Base"
"Bunch of Dry Mane Grass","../assets/item_images/Bunch of Dry Mane Grass.png","Base"
"Bunch of Fire Flake Flowers","../assets/item_images/Bunch of Fire Flake Flowers.png","Base"
"Bunch of Silk Honey Grass","../assets/item_images/Bunch of Silk Honey Grass.png","Base"
"Bunch of Silver Azaleas","../assets/item_images/Bunch of Silver Azaleas.png","Base"
"Butter","../assets/item_images/Butter.png","Base"
"Byproduct Fertilizer","../assets/item_images/Byproduct Fertilizer.png","Base"
"Cabbage","../assets/item_images/Cabbage.png","Base"
"Cactus Rind","../assets/item_images/Cactus Rind.png","Base"
"Cactus Sap","../assets/item_images/Cactus Sap.png","Base"
"Cactus Thorn","../assets/item_images/Cactus Thorn.png","Base"
"Capturing Rope","../assets/item_images/Capturing Rope.png","Base"
"Carrot Seed","../assets/item_images/Carrot Seed.png","Base"
"Cedar Plank","../assets/item_images/Cedar Plank.png","Base"
"Cedar Plywood","../assets/item_images/Cedar Plywood.png","Base"
"Cedar Sap","../assets/item_images/Cedar Sap.png","Base"
"Cedar Timber","../assets/item_images/Cedar Timber.png","Base"
"Cheese","../assets/item_images/Cheese.png","Base"
"Cheetah Dragon Blood","../assets/item_images/Cheetah Dragon Blood.png","Base"
"Cheetah Dragon Hide","../assets/item_images/Cheetah Dragon Hide.png","Base"
"Cheetah Dragon Meat","../assets/item_images/Cheetah Dragon Meat.png","Base"
"Cherry","../assets/item_images/Cherry.png","Base"
"Chicken Feed","../assets/item_images/Chicken Feed.png","Base"
"Chicken Meat","../assets/item_images/Chicken Meat.png","Base"
"Cinnamon","../assets/item_images/Cinnamon.png","Base"
"Clear Liquid Reagent","../assets/item_images/Clear Liquid Reagent.png","Base"
"Cloud Mushroom","../assets/item_images/Cloud Mushroom.png","Base"
"Cloud Mushroom Hypha","../assets/item_images/Cloud Mushroom Hypha.png","Base"
"Clown's Blood","../assets/item_images/Clown's Blood.png","Base"
"Coal","../assets/item_images/Coal.png","Base"
"Cobra Blood","../assets/item_images/Cobra Blood.png","Base"
"Coconut","../assets/item_images/Coconut.png","Base"
"Contorted Seed","../assets/item_images/Contorted Seed.png","Base"
"Cooking Honey","../assets/item_images/Cooking Honey.png","Base"
"Copper Ingot","../assets/item_images/Copper Ingot.png","Base"
"Copper Ore","../assets/item_images/Copper Ore.png","Base"
"Coral Piece","../assets/item_images/Coral Piece.png","Base"
"Corn","../assets/item_images/Corn.png","Base"
"Corn Dough","../assets/item_images/Corn Dough.png","Base"
"Corn Flour","../assets/item_images/Corn Flour.png","Base"
"Corn Seed","../assets/item_images/Corn Seed.png","Base"
"Cotton","../assets/item_images/Cotton.png","Base"
"Cotton Fabric","../assets/item_images/Cotton Fabric.png","Base"
"Cotton Yarn","../assets/item_images/Cotton Yarn.png","Base"
"Cream","../assets/item_images/Cream.png","Base"
"Crumbled Rock Powder","../assets/item_images/Crumbled Rock Powder.png","Base"
"Dalvenia Alrea","../assets/item_images/Dalvenia Alrea.png","Base"
"Dalvenia Alrea Seed","../assets/item_images/Dalvenia Alrea Seed.png","Base"
"Date Palm","../assets/item_images/Date Palm.png","Base"
"Daybreak Blue Coral","../assets/item_images/Daybreak Blue Coral.png","Base"
"Dead Tree Essence","../assets/item_images/Dead Tree Essence.png","Base"
"Deep Sea Fruit","../assets/item_images/Deep Sea Fruit.png","Base"
"Deer Blood","../assets/item_images/Deer Blood.png","Base"
"Deer Hide","../assets/item_images/Deer Hide.png","Base"
"Deer Meat","../assets/item_images/Deer Meat.png","Base"
"Desert Herb","../assets/item_images/Desert Herb.png","Base"
"Diamond","../assets/item_images/Diamond.png","Base"
"Dinosaur Blood","../assets/item_images/Dinosaur Blood.png","Base"
"Dinosaur Hide","../assets/item_images/Dinosaur Hide.png","Base"
"Dinosaur Meat","../assets/item_images/Dinosaur Meat.png","Base"
"Distilled Water","../assets/item_images/Distilled Water.png","Base"
"Dressing","../assets/item_images/Dressing.png","Base"
"Dried Amberjack","../assets/item_images/Dried Amberjack.png","Base"
"Dried Amur Goby","../assets/item_images/Dried Amur Goby.png","Base"
"Dried Amur Ide","../assets/item_images/Dried Amur Ide.png","Base"
"Dried Amur Minnow","../assets/item_images/Dried Amur Minnow.png","Base"
"Dried Angler","../assets/item_images/Dried Angler.png","Base"
"Dried Arowana","../assets/item_images/Dried Arowana.png","Base"
"Dried Atka Mackerel","../assets/item_images/Dried Atka Mackerel.png","Base"
"Dried Barbel Steed","../assets/item_images/Dried Barbel Steed.png","Base"
"Dried Bass","../assets/item_images/Dried Bass.png","Base"
"Dried Beltfish","../assets/item_images/Dried Beltfish.png","Base"
"Dried Bigeye","../assets/item_images/Dried Bigeye.png","Base"
"Dried Bitterling","../assets/item_images/Dried Bitterling.png","Base"
"Dried Black Shiner","../assets/item_images/Dried Black Shiner.png","Base"
"Dried Blackfin Sweeper","../assets/item_images/Dried Blackfin Sweeper.png","Base"
"Dried Bleeker","../assets/item_images/Dried Bleeker.png","Base"
"Dried Blue Tang","../assets/item_images/Dried Blue Tang.png","Base"
"Dried Bluefish","../assets/item_images/Dried Bluefish.png","Base"
"Dried Bluegill","../assets/item_images/Dried Bluegill.png","Base"
"Dried Bubble Eye","../assets/item_images/Dried Bubble Eye.png","Base"
"Dried Burbot","../assets/item_images/Dried Burbot.png","Base"
"Dried Butterflyfish","../assets/item_images/Dried Butterflyfish.png","Base"
"Dried Carp","../assets/item_images/Dried Carp.png","Base"
"Dried Catfish","../assets/item_images/Dried Catfish.png","Base"
"Dried Cero","../assets/item_images/Dried Cero.png","Base"
"Dried Checkerboard Wrasse","../assets/item_images/Dried Checkerboard Wrasse.png","Base"
"Dried Cherry Icefish","../assets/item_images/Dried Cherry Icefish.png","Base"
"Dried Cherry Salmon","../assets/item_images/Dried Cherry Salmon.png","Base"
"Dried Clownfish","../assets/item_images/Dried Clownfish.png","Base"
"Dried Common Minnow","../assets/item_images/Dried Common Minnow.png","Base"
"Dried Crab","../assets/item_images/Dried Crab.png","Base"
"Dried Crawfish","../assets/item_images/Dried Crawfish.png","Base"
"Dried Croaker","../assets/item_images/Dried Croaker.png","Base"
"Dried Crucian Carp","../assets/item_images/Dried Crucian Carp.png","Base"
"Dried Cuttlefish","../assets/item_images/Dried Cuttlefish.png","Base"
"Dried Cuvier","../assets/item_images/Dried Cuvier.png","Base"
"Dried Dace","../assets/item_images/Dried Dace.png","Base"
"Dried Diamond Minnow","../assets/item_images/Dried Diamond Minnow.png","Base"
"Dried Dollarfish","../assets/item_images/Dried Dollarfish.png","Base"
"Dried Dolphinfish","../assets/item_images/Dried Dolphinfish.png","Base"
"Dried Filefish","../assets/item_images/Dried Filefish.png","Base"
"Dried Flatfish","../assets/item_images/Dried Flatfish.png","Base"
"Dried Flounder","../assets/item_images/Dried Flounder.png","Base"
"Dried Flying Fish","../assets/item_images/Dried Flying Fish.png","Base"
"Dried Fourfinger Threadfin","../assets/item_images/Dried Fourfinger Threadfin.png","Base"
"Dried Freshwater Eel","../assets/item_images/Dried Freshwater Eel.png","Base"
"Dried Goby Minnow","../assets/item_images/Dried Goby Minnow.png","Base"
"Dried Golden-Thread","../assets/item_images/Dried Golden-Thread.png","Base"
"Dried Grass Carp","../assets/item_images/Dried Grass Carp.png","Base"
"Dried Grayling","../assets/item_images/Dried Grayling.png","Base"
"Dried Greenling","../assets/item_images/Dried Greenling.png","Base"
"Dried Grouper","../assets/item_images/Dried Grouper.png","Base"
"Dried Grunt","../assets/item_images/Dried Grunt.png","Base"
"Dried Gunnel","../assets/item_images/Dried Gunnel.png","Base"
"Dried Gurnard","../assets/item_images/Dried Gurnard.png","Base"
"Dried Herring","../assets/item_images/Dried Herring.png","Base"
"Dried Horn Fish","../assets/item_images/Dried Horn Fish.png","Base"
"Dried Jellyfish","../assets/item_images/Dried Jellyfish.png","Base"
"Dried John Dory","../assets/item_images/Dried John Dory.png","Base"
"Dried Korean Loach","../assets/item_images/Dried Korean Loach.png","Base"
"Dried Kuhlia Marginata","../assets/item_images/Dried Kuhlia Marginata.png","Base"
"Dried Leather Carp","../assets/item_images/Dried Leather Carp.png","Base"
"Dried Lenok","../assets/item_images/Dried Lenok.png","Base"
"Dried Lobster","../assets/item_images/Dried Lobster.png","Base"
"Dried Mackerel","../assets/item_images/Dried Mackerel.png","Base"
"Dried Mackerel Pike","../assets/item_images/Dried Mackerel Pike.png","Base"
"Dried Mandarin Fish","../assets/item_images/Dried Mandarin Fish.png","Base"
"Dried Maomao","../assets/item_images/Dried Maomao.png","Base"
"Dried Miho Spine Loach","../assets/item_images/Dried Miho Spine Loach.png","Base"
"Dried Minnow","../assets/item_images/Dried Minnow.png","Base"
"Dried Moray","../assets/item_images/Dried Moray.png","Base"
"Dried Mori","../assets/item_images/Dried Mori.png","Base"
"Dried Mudfish","../assets/item_images/Dried Mudfish.png","Base"
"Dried Mudskipper","../assets/item_images/Dried Mudskipper.png","Base"
"Dried Mullet","../assets/item_images/Dried Mullet.png","Base"
"Dried Nibbler","../assets/item_images/Dried Nibbler.png","Base"
"Dried Notch Jaw","../assets/item_images/Dried Notch Jaw.png","Base"
"Dried Octopus","../assets/item_images/Dried Octopus.png","Base"
"Dried Oily Shiner","../assets/item_images/Dried Oily Shiner.png","Base"
"Dried Pacu","../assets/item_images/Dried Pacu.png","Base"
"Dried Pearl Oyster Flesh","../assets/item_images/Dried Pearl Oyster Flesh.png","Base"
"Dried Perch","../assets/item_images/Dried Perch.png","Base"
"Dried Pintado","../assets/item_images/Dried Pintado.png","Base"
"Dried Piranha","../assets/item_images/Dried Piranha.png","Base"
"Dried Pomfret","../assets/item_images/Dried Pomfret.png","Base"
"Dried Porcupine Fish","../assets/item_images/Dried Porcupine Fish.png","Base"
"Dried Porgy","../assets/item_images/Dried Porgy.png","Base"
"Dried Ray","../assets/item_images/Dried Ray.png","Base"
"Dried Rock Hind","../assets/item_images/Dried Rock Hind.png","Base"
"Dried Rockfish","../assets/item_images/Dried Rockfish.png","Base"
"Dried Rosefish","../assets/item_images/Dried Rosefish.png","Base"
"Dried Rosy Bitterling","../assets/item_images/Dried Rosy Bitterling.png","Base"
"Dried Round Herring","../assets/item_images/Dried Round Herring.png","Base"
"Dried Roundtail Paradisefish","../assets/item_images/Dried Roundtail Paradisefish.png","Base"
"Dried Salmon","../assets/item_images/Dried Salmon.png","Base"
"Dried Sandeel","../assets/item_images/Dried Sandeel.png","Base"
"Dried Sandfish","../assets/item_images/Dried Sandfish.png","Base"
"Dried Sardine","../assets/item_images/Dried Sardine.png","Base"
"Dried Saurel","../assets/item_images/Dried Saurel.png","Base"
"Dried Scorpion Fish","../assets/item_images/Dried Scorpion Fish.png","Base"
"Dried Sea Bass","../assets/item_images/Dried Sea Bass.png","Base"
"Dried Sea Eel","../assets/item_images/Dried Sea Eel.png","Base"
"Dried Seahorse","../assets/item_images/Dried Seahorse.png","Base"
"Dried Shellfish","../assets/item_images/Dried Shellfish.png","Base"
"Dried Shuttles Hoppfish","../assets/item_images/Dried Shuttles Hoppfish.png","Base"
"Dried Siganid","../assets/item_images/Dried Siganid.png","Base"
"Dried Silver Stripe Round Herring","../assets/item_images/Dried Silver Stripe Round Herring.png","Base"
"Dried Skipjack","../assets/item_images/Dried Skipjack.png","Base"
"Dried Smelt","../assets/item_images/Dried Smelt.png","Base"
"Dried Smokey Chromis","../assets/item_images/Dried Smokey Chromis.png","Base"
"Dried Snakehead","../assets/item_images/Dried Snakehead.png","Base"
"Dried Soho Bitterling","../assets/item_images/Dried Soho Bitterling.png","Base"
"Dried Spined Loach","../assets/item_images/Dried Spined Loach.png","Base"
"Dried Spotted Barbel","../assets/item_images/Dried Spotted Barbel.png","Base"
"Dried Squid","../assets/item_images/Dried Squid.png","Base"
"Dried Starfish","../assets/item_images/Dried Starfish.png","Base"
"Dried Stickleback","../assets/item_images/Dried Stickleback.png","Base"
"Dried Stone Moroko","../assets/item_images/Dried Stone Moroko.png","Base"
"Dried Striped Catfish","../assets/item_images/Dried Striped Catfish.png","Base"
"Dried Striped Shiner","../assets/item_images/Dried Striped Shiner.png","Base"
"Dried Stumpy Bullhead","../assets/item_images/Dried Stumpy Bullhead.png","Base"
"Dried Sturgeon","../assets/item_images/Dried Sturgeon.png","Base"
"Dried Sunfish","../assets/item_images/Dried Sunfish.png","Base"
"Dried Surfperch","../assets/item_images/Dried Surfperch.png","Base"
"Dried Sweetfish","../assets/item_images/Dried Sweetfish.png","Base"
"Dried Swellfish","../assets/item_images/Dried Swellfish.png","Base"
"Dried Swiri","../assets/item_images/Dried Swiri.png","Base"
"Dried Swordfish","../assets/item_images/Dried Swordfish.png","Base"
"Dried Tapertail Anchovy","../assets/item_images/Dried Tapertail Anchovy.png","Base"
"Dried Terrapin","../assets/item_images/Dried Terrapin.png","Base"
"Dried Tilefish","../assets/item_images/Dried Tilefish.png","Base"
"Dried Tongue Sole","../assets/item_images/Dried Tongue Sole.png","Base"
"Dried Trout","../assets/item_images/Dried Trout.png","Base"
"Dried Tuna","../assets/item_images/Dried Tuna.png","Base"
"Dried Whiting","../assets/item_images/Dried Whiting.png","Base"
"Dried Yellow-Head Catfish","../assets/item_images/Dried Yellow-Head Catfish.png","Base"
"Dried Yellowfin Sculpin","../assets/item_images/Dried Yellowfin Sculpin.png","Base"
"Dried-Up Seed","../assets/item_images/Dried-Up Seed.png","Base"
"Dry Mane Grass","../assets/item_images/Dry Mane Grass.png","Base"
"Dry Mane Grass Seed","../assets/item_images/Dry Mane Grass Seed.png","Base"
"Dwarf Mushroom","../assets/item_images/Dwarf Mushroom.png","Base"
"Dwarf Mushroom Hypha","../assets/item_images/Dwarf Mushroom Hypha.png","Base"
"Egg","../assets/item_images/Egg.png","Base"
"Elder Tree Plank","../assets/item_images/Elder Tree Plank.png","Base"
"Elder Tree Plywood","../assets/item_images/Elder Tree Plywood.png","Base"
"Elder Tree Sap","../assets/item_images/Elder Tree Sap.png","Base"
"Elder Tree Timber","../assets/item_images/Elder Tree Timber.png","Base"
"Emerald","../assets/item_images/Emerald.png","Base"
"Emperor Mushroom","../assets/item_images/Emperor Mushroom.png","Base"
"Emperor Mushroom Hypha","../assets/item_images/Emperor Mushroom Hypha.png","Base"
"Empty Crystal","../assets/item_images/Empty Crystal.png","Base"
"Enhanced Flax Fabric","../assets/item_images/Enhanced Flax Fabric.png","Base"
"Essence of Abundance","../assets/item_images/Essence of Abundance.png","Base"
"Essence of Crimson Flame","../assets/item_images/Essence of Crimson Flame.png","Base"
"Essence of Deep Sea","../assets/item_images/Essence of Deep Sea.png","Base"
"Essence of Destruction","../assets/item_images/Essence of Destruction.png","Base"
"Essence of Enchantment","../assets/item_images/Essence of Enchantment.png","Base"
"Essence of Liquor","../assets/item_images/Essence of Liquor.png","Base"
"Essence of Magic Power","../assets/item_images/Essence of Magic Power.png","Base"
"Essence of Nature","../assets/item_images/Essence of Nature.png","Base"
"Essence of Perfection","../assets/item_images/Essence of Perfection.png","Base"
"Essence of the Sun","../assets/item_images/Essence of the Sun.png","Base"
"Everlasting Herb","../assets/item_images/Everlasting Herb.png","Base"
"Eyelash Cup","../assets/item_images/Eyelash Cup.png","Base"
"Fancy Feather","../assets/item_images/Fancy Feather.png","Base"
"Fancy Reptile Skin","../assets/item_images/Fancy Reptile Skin.png","Base"
"Feather Wolf Hide","../assets/item_images/Feather Wolf Hide.png","Base"
"Fig","../assets/item_images/Fig.png","Base"
"Fig Seed","../assets/item_images/Fig Seed.png","Base"
"Fine Fancy Feather","../assets/item_images/Fine Fancy Feather.png","Base"
"Fine Fancy Reptile Skin","../assets/item_images/Fine Fancy Reptile Skin.png","Base"
"Fine Hard Hide","../assets/item_images/Fine Hard Hide.png","Base"
"Fine Lightweight Plume","../assets/item_images/Fine Lightweight Plume.png","Base"
"Fine Soft Hide","../assets/item_images/Fine Soft Hide.png","Base"
"Fine Thick Fur","../assets/item_images/Fine Thick Fur.png","Base"
"Fine Thin Hide","../assets/item_images/Fine Thin Hide.png","Base"
"Fine Tough Hide","../assets/item_images/Fine Tough Hide.png","Base"
"Fir Plank","../assets/item_images/Fir Plank.png","Base"
"Fir Plywood","../assets/item_images/Fir Plywood.png","Base"
"Fir Sap","../assets/item_images/Fir Sap.png","Base"
"Fir Timber","../assets/item_images/Fir Timber.png","Base"
"Fire Flake Flower","../assets/item_images/Fire Flake Flower.png","Base"
"Fire Flake Flower Seed","../assets/item_images/Fire Flake Flower Seed.png","Base"
"Fire Horn","../assets/item_images/Fire Horn.png","Base"
"Flamingo Blood","../assets/item_images/Flamingo Blood.png","Base"
"Flamingo Meat","../assets/item_images/Flamingo Meat.png","Base"
"Flamingo Plume","../assets/item_images/Flamingo Plume.png","Base"
"Flax","../assets/item_images/Flax.png","Base"
"Flax Fabric","../assets/item_images/Flax Fabric.png","Base"
"Flax Seed","../assets/item_images/Flax Seed.png","Base"
"Flax Thread","../assets/item_images/Flax Thread.png","Base"
"Fleece","../assets/item_images/Fleece.png","Base"
"Fog Mushroom","../assets/item_images/Fog Mushroom.png","Base"
"Fog Mushroom Hypha","../assets/item_images/Fog Mushroom Hypha.png","Base"
"Forest Emerald","../assets/item_images/Forest Emerald.png","Base"
"Fortune Teller Mushroom","../assets/item_images/Fortune Teller Mushroom.png","Base"
"Fortune Teller Mushroom Hypha","../assets/item_images/Fortune Teller Mushroom Hypha.png","Base"
"Fox Blood","../assets/item_images/Fox Blood.png","Base"
"Fox Hide","../assets/item_images/Fox Hide.png","Base"
"Fox Meat","../assets/item_images/Fox Meat.png","Base"
"Freekeh","../assets/item_images/Freekeh.png","Base"
"Freekeh Flour","../assets/item_images/Freekeh Flour.png","Base"
"Freekeh Flour Dough","../assets/item_images/Freekeh Flour Dough.png","Base"
"Freekeh Seed","../assets/item_images/Freekeh Seed.png","Base"
"Fruit of Abundance","../assets/item_images/Fruit of Abundance.png","Base"
"Fruit of Crimson Flame","../assets/item_images/Fruit of Crimson Flame.png","Base"
"Fruit of Destruction","../assets/item_images/Fruit of Destruction.png","Base"
"Fruit of Enchantment","../assets/item_images/Fruit of Enchantment.png","Base"
"Fruit of Magic Power","../assets/item_images/Fruit of Magic Power.png","Base"
"Fruit of Nature","../assets/item_images/Fruit of Nature.png","Base"
"Fruit of Perfection","../assets/item_images/Fruit of Perfection.png","Base"
"Fruit of the Sun","../assets/item_images/Fruit of the Sun.png","Base"
"Garlic","../assets/item_images/Garlic.png","Base"
"Garlic Seed","../assets/item_images/Garlic Seed.png","Base"
"Gazelle Hide","../assets/item_images/Gazelle Hide.png","Base"
"Gazelle Meat","../assets/item_images/Gazelle Meat.png","Base"
"Gem Polisher","../assets/item_images/Gem Polisher.png","Base"
"Ghost Mushroom","../assets/item_images/Ghost Mushroom.png","Base"
"Ghost Mushroom Hypha","../assets/item_images/Ghost Mushroom Hypha.png","Base"
"Gigantic Seed","../assets/item_images/Gigantic Seed.png","Base"
"Glossy Bone Piece","../assets/item_images/Glossy Bone Piece.png","Base"
"Glossy Seed","../assets/item_images/Glossy Seed.png","Base"
"Glue","../assets/item_images/Glue.png","Base"
"Goat Blood","../assets/item_images/Goat Blood.png","Base"
"Goat Hide","../assets/item_images/Goat Hide.png","Base"
"Goat Meat","../assets/item_images/Goat Meat.png","Base"
"Gold Ingot","../assets/item_images/Gold Ingot.png","Base"
"Gold Ore","../assets/item_images/Gold Ore.png","Base"
"Gold Topaz","../assets/item_images/Gold Topaz.png","Base"
"Golden Coral","../assets/item_images/Golden Coral.png","Base"
"Golden Sun Coral","../assets/item_images/Golden Sun Coral.png","Base"
"Grape","../assets/item_images/Grape.png","Base"
"Grape Seed","../assets/item_images/Grape Seed.png","Base"
"Green Coral","../assets/item_images/Green Coral.png","Base"
"Green Crystal","../assets/item_images/Green Crystal.png","Base"
"Green Pendulous Mushroom","../assets/item_images/Green Pendulous Mushroom.png","Base"
"Griffon Claw","../assets/item_images/Griffon Claw.png","Base"
"Griffon Feather","../assets/item_images/Griffon Feather.png","Base"
"Griffon Leather","../assets/item_images/Griffon Leather.png","Base"
"Ground Bird Meat","../assets/item_images/Ground Bird Meat.png","Base"
"Half-Moon Seed","../assets/item_images/Half-Moon Seed.png","Base"
"Hard Hide","../assets/item_images/Hard Hide.png","Base"
"Hard Pillar","../assets/item_images/Hard Pillar.png","Base"
"Haystack","../assets/item_images/Haystack.png","Base"
"Hazel Tree Fruit","../assets/item_images/Hazel Tree Fruit.png","Base"
"Herbal Gunpowder","../assets/item_images/Herbal Gunpowder.png","Base"
"Herbal Poison","../assets/item_images/Herbal Poison.png","Base"
"Hot Pepper","../assets/item_images/Hot Pepper.png","Base"
"Hot Pepper Seed","../assets/item_images/Hot Pepper Seed.png","Base"
"Hump Mushroom","../assets/item_images/Hump Mushroom.png","Base"
"Hump Mushroom Hypha","../assets/item_images/Hump Mushroom Hypha.png","Base"
"Indigo Lapis Lazuli","../assets/item_images/Indigo Lapis Lazuli.png","Base"
"Inorganic Fertilizer","../assets/item_images/Inorganic Fertilizer.png","Base"
"Insectivore Plant Flower","../assets/item_images/Insectivore Plant Flower.png","Base"
"Insectivore Plant Leaf","../assets/item_images/Insectivore Plant Leaf.png","Base"
"Insectivore Plant Powder","../assets/item_images/Insectivore Plant Powder.png","Base"
"Insectivore Plant Root","../assets/item_images/Insectivore Plant Root.png","Base"
"Insectivore Plant Sap","../assets/item_images/Insectivore Plant Sap.png","Base"
"Insectivore Plant Stalk","../assets/item_images/Insectivore Plant Stalk.png","Base"
"Iron Ingot","../assets/item_images/Iron Ingot.png","Base"
"Iron Ore","../assets/item_images/Iron Ore.png","Base"
"Jade Coral Ingot","../assets/item_images/Jade Coral Ingot.png","Base"
"Knitting Yarn","../assets/item_images/Knitting Yarn.png","Base"
"Kuku Bird Blood","../assets/item_images/Kuku Bird Blood.png","Base"
"Kuku Bird Meat","../assets/item_images/Kuku Bird Meat.png","Base"
"Lamb Meat","../assets/item_images/Lamb Meat.png","Base"
"Lapis Lazuli","../assets/item_images/Lapis Lazuli.png","Base"
"Lead Ingot","../assets/item_images/Lead Ingot.png","Base"
"Lead Ore","../assets/item_images/Lead Ore.png","Base"
"Leather Glaze","../assets/item_images/Leather Glaze.png","Base"
"Leccinum","../assets/item_images/Leccinum.png","Base"
"Leccinum Hypha","../assets/item_images/Leccinum Hypha.png","Base"
"Legendary Beast's Blood","../assets/item_images/Legendary Beast's Blood.png","Base"
"Lightweight Plume","../assets/item_images/Lightweight Plume.png","Base"
"Lion Blood","../assets/item_images/Lion Blood.png","Base"
"Lion Hide","../assets/item_images/Lion Hide.png","Base"
"Lion Meat","../assets/item_images/Lion Meat.png","Base"
"Lizard Blood","../assets/item_images/Lizard Blood.png","Base"
"Lizard Hide","../assets/item_images/Lizard Hide.png","Base"
"Lizard Meat","../assets/item_images/Lizard Meat.png","Base"
"Llama Blood","../assets/item_images/Llama Blood.png","Base"
"Llama Hide","../assets/item_images/Llama Hide.png","Base"
"Llama Meat","../assets/item_images/Llama Meat.png","Base"
"Log","../assets/item_images/Log.png","Base"
"Loopy Tree Plank","../assets/item_images/Loopy Tree Plank.png","Base"
"Loopy Tree Plywood","../assets/item_images/Loopy Tree Plywood.png","Base"
"Loopy Tree Sap","../assets/item_images/Loopy Tree Sap.png","Base"
"Loopy Tree Timber","../assets/item_images/Loopy Tree Timber.png","Base"
"Maple Plank","../assets/item_images/Maple Plank.png","Base"
"Maple Plywood","../assets/item_images/Maple Plywood.png","Base"
"Maple Sap","../assets/item_images/Maple Sap.png","Base"
"Maple Timber","../assets/item_images/Maple Timber.png","Base"
"Margoria Dark Iron","../assets/item_images/Margoria Dark Iron.png","Base"
"Marmot Blood","../assets/item_images/Marmot Blood.png","Base"
"Marmot Hide","../assets/item_images/Marmot Hide.png","Base"
"Marmot Meat","../assets/item_images/Marmot Meat.png","Base"
"Melted Copper Shard","../assets/item_images/Melted Copper Shard.png","Base"
"Melted Gold Shard","../assets/item_images/Melted Gold Shard.png","Base"
"Melted Iron Shard","../assets/item_images/Melted Iron Shard.png","Base"
"Melted Lead Shard","../assets/item_images/Melted Lead Shard.png","Base"
"Melted Mythril Shard","../assets/item_images/Melted Mythril Shard.png","Base"
"Melted Noc Shard","../assets/item_images/Melted Noc Shard.png","Base"
"Melted Platinum Shard","../assets/item_images/Melted Platinum Shard.png","Base"
"Melted Silver Shard","../assets/item_images/Melted Silver Shard.png","Base"
"Melted Tin Shard","../assets/item_images/Melted Tin Shard.png","Base"
"Melted Titanium Shard","../assets/item_images/Melted Titanium Shard.png","Base"
"Melted Vanadium Shard","../assets/item_images/Melted Vanadium Shard.png","Base"
"Melted Zinc Shard","../assets/item_images/Melted Zinc Shard.png","Base"
"Metal Solvent","../assets/item_images/Metal Solvent.png","Base"
"Milk","../assets/item_images/Milk.png","Base"
"Mimosa Stalk","../assets/item_images/Mimosa Stalk.png","Base"
"Monk's Branch","../assets/item_images/Monk's Branch.png","Base"
"Monkey Blood","../assets/item_images/Monkey Blood.png","Base"
"Monkey Hide","../assets/item_images/Monkey Hide.png","Base"
"Moonlight Opal","../assets/item_images/Moonlight Opal.png","Base"
"Moss Tree Plank","../assets/item_images/Moss Tree Plank.png","Base"
"Moss Tree Plywood","../assets/item_images/Moss Tree Plywood.png","Base"
"Moss Tree Sap","../assets/item_images/Moss Tree Sap.png","Base"
"Moss Tree Timber","../assets/item_images/Moss Tree Timber.png","Base"
"Mud Crystal","../assets/item_images/Mud Crystal.png","Base"
"Mythril","../assets/item_images/Mythril.png","Base"
"Mythril Ingot","../assets/item_images/Mythril Ingot.png","Base"
"Noc Ingot","../assets/item_images/Noc Ingot.png","Base"
"Noc Ore","../assets/item_images/Noc Ore.png","Base"
"Nolina","../assets/item_images/Nolina.png","Base"
"Nolina Seed","../assets/item_images/Nolina Seed.png","Base"
"Nutmeg","../assets/item_images/Nutmeg.png","Base"
"Nutmeg Seed","../assets/item_images/Nutmeg Seed.png","Base"
"Ocean Sapphire","../assets/item_images/Ocean Sapphire.png","Base"
"Ogre Blood","../assets/item_images/Ogre Blood.png","Base"
"Oil of Corruption","../assets/item_images/Oil of Corruption.png","Base"
"Oil of Fortitude","../assets/item_images/Oil of Fortitude.png","Base"
"Oil of Regeneration","../assets/item_images/Oil of Regeneration.png","Base"
"Oil of Storms","../assets/item_images/Oil of Storms.png","Base"
"Oil of the Abyss","../assets/item_images/Oil of the Abyss.png","Base"
"Oil of Tranquility","../assets/item_images/Oil of Tranquility.png","Base"
"Old Tree Bark","../assets/item_images/Old Tree Bark.png","Base"
"Old Tree Branch","../assets/item_images/Old Tree Branch.png","Base"
"Olive","../assets/item_images/Olive.png","Base"
"Olive Seed","../assets/item_images/Olive Seed.png","Base"
"Onion","../assets/item_images/Onion.png","Base"
"Onion Seed","../assets/item_images/Onion Seed.png","Base"
"Organic Fertilizer","../assets/item_images/Organic Fertilizer.png","Base"
"Ox Blood","../assets/item_images/Ox Blood.png","Base"
"Ox Hide","../assets/item_images/Ox Hide.png","Base"
"Oyster","../assets/item_images/Oyster.png","Base"
"Palm Plank","../assets/item_images/Palm Plank.png","Base"
"Palm Plywood","../assets/item_images/Palm Plywood.png","Base"
"Palm Sap","../assets/item_images/Palm Sap.png","Base"
"Palm Timber","../assets/item_images/Palm Timber.png","Base"
"Paprika","../assets/item_images/Paprika.png","Base"
"Paprika Seed","../assets/item_images/Paprika Seed.png","Base"
"Pear","../assets/item_images/Pear.png","Base"
"Penestraria","../assets/item_images/Penestraria.png","Base"
"Penestraria Seed","../assets/item_images/Penestraria Seed.png","Base"
"Pepper","../assets/item_images/Pepper.png","Base"
"Pepper Seed","../assets/item_images/Pepper Seed.png","Base"
"Pie Mushroom","../assets/item_images/Pie Mushroom.png","Base"
"Pie Mushroom Hypha","../assets/item_images/Pie Mushroom Hypha.png","Base"
"Pig Blood","../assets/item_images/Pig Blood.png","Base"
"Pig Hide","../assets/item_images/Pig Hide.png","Base"
"Pile of Sunrise Herbs","../assets/item_images/Pile of Sunrise Herbs.png","Base"
"Pine Coated Plywood","../assets/item_images/Pine Coated Plywood.png","Base"
"Pine Plank","../assets/item_images/Pine Plank.png","Base"
"Pine Plywood","../assets/item_images/Pine Plywood.png","Base"
"Pine Sap","../assets/item_images/Pine Sap.png","Base"
"Pine Timber","../assets/item_images/Pine Timber.png","Base"
"Pineapple","../assets/item_images/Pineapple.png","Base"
"Pink Trumpet Mushroom","../assets/item_images/Pink Trumpet Mushroom.png","Base"
"Pistachio","../assets/item_images/Pistachio.png","Base"
"Platinum Ingot","../assets/item_images/Platinum Ingot.png","Base"
"Platinum Ore","../assets/item_images/Platinum Ore.png","Base"
"Plywood Hardener","../assets/item_images/Plywood Hardener.png","Base"
"Polished Opal","../assets/item_images/Polished Opal.png","Base"
"Polished Stone","../assets/item_images/Polished Stone.png","Base"
"Pork","../assets/item_images/Pork.png","Base"
"Potato","../assets/item_images/Potato.png","Base"
"Potato Dough","../assets/item_images/Potato Dough.png","Base"
"Potato Flour","../assets/item_images/Potato Flour.png","Base"
"Powder of Crevice","../assets/item_images/Powder of Crevice.png","Base"
"Powder of Darkness","../assets/item_images/Powder of Darkness.png","Base"
"Powder of Earth","../assets/item_images/Powder of Earth.png","Base"
"Powder of Flame","../assets/item_images/Powder of Flame.png","Base"
"Powder of Time","../assets/item_images/Powder of Time.png","Base"
"Prairie Green Coral","../assets/item_images/Prairie Green Coral.png","Base"
"Precious Blue Crystal","../assets/item_images/Precious Blue Crystal.png","Base"
"Precious Violet Crystal","../assets/item_images/Precious Violet Crystal.png","Base"
"Processed Coal","../assets/item_images/Processed Coal.png","Base"
"Pumpkin","../assets/item_images/Pumpkin.png","Base"
"Pumpkin Seed","../assets/item_images/Pumpkin Seed.png","Base"
"Pure Copper Crystal","../assets/item_images/Pure Copper Crystal.png","Base"
"Pure Gold Crystal","../assets/item_images/Pure Gold Crystal.png","Base"
"Pure Iron Crystal","../assets/item_images/Pure Iron Crystal.png","Base"
"Pure Lead Crystal","../assets/item_images/Pure Lead Crystal.png","Base"
"Pure Mythril Crystal","../assets/item_images/Pure Mythril Crystal.png","Base"
"Pure Noc Crystal","../assets/item_images/Pure Noc Crystal.png","Base"
"Pure Platinum Crystal","../assets/item_images/Pure Platinum Crystal.png","Base"
"Pure Powder Reagent","../assets/item_images/Pure Powder Reagent.png","Base"
"Pure Silver Crystal","../assets/item_images/Pure Silver Crystal.png","Base"
"Pure Tin Crystal","../assets/item_images/Pure Tin Crystal.png","Base"
"Pure Titanium Crystal","../assets/item_images/Pure Titanium Crystal.png","Base"
"Pure Vanadium Crystal","../assets/item_images/Pure Vanadium Crystal.png","Base"
"Pure Zinc Crystal","../assets/item_images/Pure Zinc Crystal.png","Base"
"Purified Water","../assets/item_images/Purified Water.png","Base"
"Purple Mushroom","../assets/item_images/Purple Mushroom.png","Base"
"Purple Mushroom Hypha","../assets/item_images/Purple Mushroom Hypha.png","Base"
"Purple Pink Flower","../assets/item_images/Purple Pink Flower.png","Base"
"Raccoon Blood","../assets/item_images/Raccoon Blood.png","Base"
"Raccoon Hide","../assets/item_images/Raccoon Hide.png","Base"
"Raccoon Meat","../assets/item_images/Raccoon Meat.png","Base"
"Rainbow Button Mushroom","../assets/item_images/Rainbow Button Mushroom.png","Base"
"Red Coral","../assets/item_images/Red Coral.png","Base"
"Red Crystal","../assets/item_images/Red Crystal.png","Base"
"Red Sauce","../assets/item_images/Red Sauce.png","Base"
"Red Tree Lump","../assets/item_images/Red Tree Lump.png","Base"
"Resplendent Diamond","../assets/item_images/Resplendent Diamond.png","Base"
"Resplendent Emerald","../assets/item_images/Resplendent Emerald.png","Base"
"Resplendent Lapis Lazuli","../assets/item_images/Resplendent Lapis Lazuli.png","Base"
"Resplendent Ruby","../assets/item_images/Resplendent Ruby.png","Base"
"Resplendent Sapphire","../assets/item_images/Resplendent Sapphire.png","Base"
"Resplendent Topaz","../assets/item_images/Resplendent Topaz.png","Base"
"Rhino Blood","../assets/item_images/Rhino Blood.png","Base"
"Rhino Hide","../assets/item_images/Rhino Hide.png","Base"
"Rhino Meat","../assets/item_images/Rhino Meat.png","Base"
"Rose","../assets/item_images/Rose.png","Base"
"Rough Black Crystal","../assets/item_images/Rough Black Crystal.png","Base"
"Rough Blue Crystal","../assets/item_images/Rough Blue Crystal.png","Base"
"Rough Diamond","../assets/item_images/Rough Diamond.png","Base"
"Rough Emerald","../assets/item_images/Rough Emerald.png","Base"
"Rough Green Crystal","../assets/item_images/Rough Green Crystal.png","Base"
"Rough Lapis Lazuli","../assets/item_images/Rough Lapis Lazuli.png","Base"
"Rough Mud Crystal","../assets/item_images/Rough Mud Crystal.png","Base"
"Rough Opal","../assets/item_images/Rough Opal.png","Base"
"Rough Red Crystal","../assets/item_images/Rough Red Crystal.png","Base"
"Rough Ruby","../assets/item_images/Rough Ruby.png","Base"
"Rough Sapphire","../assets/item_images/Rough Sapphire.png","Base"
"Rough Stone","../assets/item_images/Rough Stone.png","Base"
"Rough Topaz","../assets/item_images/Rough Topaz.png","Base"
"Rough Translucent Crystal","../assets/item_images/Rough Translucent Crystal.png","Base"
"Rough Violet Crystal","../assets/item_images/Rough Violet Crystal.png","Base"
"Ruby","../assets/item_images/Ruby.png","Base"
"Saffron","../assets/item_images/Saffron.png","Base"
"Sapphire","../assets/item_images/Sapphire.png","Base"
"Scorpion Blood","../assets/item_images/Scorpion Blood.png","Base"
"Scorpion Meat","../assets/item_images/Scorpion Meat.png","Base"
"Seed Potato","../assets/item_images/Seed Potato.png","Base"
"Seed Sweet Potato","../assets/item_images/Seed Sweet Potato.png","Base"
"Sheep Blood","../assets/item_images/Sheep Blood.png","Base"
"Sheep Hide","../assets/item_images/Sheep Hide.png","Base"
"Shelled Seed","../assets/item_images/Shelled Seed.png","Base"
"Shining Powder","../assets/item_images/Shining Powder.png","Base"
"Shiny Seed","../assets/item_images/Shiny Seed.png","Base"
"Shrimp","../assets/item_images/Shrimp.png","Base"
"Silk","../assets/item_images/Silk.png","Base"
"Silk Honey Grass","../assets/item_images/Silk Honey Grass.png","Base"
"Silk Honey Grass Seed","../assets/item_images/Silk Honey Grass Seed.png","Base"
"Silk Thread","../assets/item_images/Silk Thread.png","Base"
"Silkworm Cocoon","../assets/item_images/Silkworm Cocoon.png","Base"
"Silver Azalea","../assets/item_images/Silver Azalea.png","Base"
"Silver Azalea Seed","../assets/item_images/Silver Azalea Seed.png","Base"
"Silver Ingot","../assets/item_images/Silver Ingot.png","Base"
"Silver Ore","../assets/item_images/Silver Ore.png","Base"
"Sinner's Blood","../assets/item_images/Sinner's Blood.png","Base"
"Sky Blue Flower","../assets/item_images/Sky Blue Flower.png","Base"
"Sky Mushroom","../assets/item_images/Sky Mushroom.png","Base"
"Sky Mushroom Hypha","../assets/item_images/Sky Mushroom Hypha.png","Base"
"Small White Seed","../assets/item_images/Small White Seed.png","Base"
"Snake Meat","../assets/item_images/Snake Meat.png","Base"
"Snake Skin","../assets/item_images/Snake Skin.png","Base"
"Soft Ferri Feather","../assets/item_images/Soft Ferri Feather.png","Base"
"Soft Hide","../assets/item_images/Soft Hide.png","Base"
"Soft Kuku Bird Plume","../assets/item_images/Soft Kuku Bird Plume.png","Base"
"Spirit's Leaf","../assets/item_images/Spirit's Leaf.png","Base"
"Standardized Timber Square","../assets/item_images/Standardized Timber Square.png","Base"
"Star Anise","../assets/item_images/Star Anise.png","Base"
"Star Anise Mushroom","../assets/item_images/Star Anise Mushroom.png","Base"
"Star Anise Seed","../assets/item_images/Star Anise Seed.png","Base"
"Star Diamond","../assets/item_images/Star Diamond.png","Base"
"Steel","../assets/item_images/Steel.png","Base"
"Sticky Liquid","../assets/item_images/Sticky Liquid.png","Base"
"Strawberry","../assets/item_images/Strawberry.png","Base"
"Strawberry Seed","../assets/item_images/Strawberry Seed.png","Base"
"Sturdy Acacia Plywood","../assets/item_images/Sturdy Acacia Plywood.png","Base"
"Sturdy Ash Plywood","../assets/item_images/Sturdy Ash Plywood.png","Base"
"Sturdy Birch Plywood","../assets/item_images/Sturdy Birch Plywood.png","Base"
"Sturdy Cedar Plywood","../assets/item_images/Sturdy Cedar Plywood.png","Base"
"Sturdy Elder Tree Plywood","../assets/item_images/Sturdy Elder Tree Plywood.png","Base"
"Sturdy Fir Plywood","../assets/item_images/Sturdy Fir Plywood.png","Base"
"Sturdy Loopy Tree Plywood","../assets/item_images/Sturdy Loopy Tree Plywood.png","Base"
"Sturdy Maple Plywood","../assets/item_images/Sturdy Maple Plywood.png","Base"
"Sturdy Moss Tree Plywood","../assets/item_images/Sturdy Moss Tree Plywood.png","Base"
"Sturdy Palm Plywood","../assets/item_images/Sturdy Palm Plywood.png","Base"
"Sturdy Pine Plywood","../assets/item_images/Sturdy Pine Plywood.png","Base"
"Sturdy Thuja Plywood","../assets/item_images/Sturdy Thuja Plywood.png","Base"
"Sturdy Timber Square","../assets/item_images/Sturdy Timber Square.png","Base"
"Sturdy White Cedar Plywood","../assets/item_images/Sturdy White Cedar Plywood.png","Base"
"Sulfur","../assets/item_images/Sulfur.png","Base"
"Sunflower","../assets/item_images/Sunflower.png","Base"
"Sunflower Seed","../assets/item_images/Sunflower Seed.png","Base"
"Sunrise Herb","../assets/item_images/Sunrise Herb.png","Base"
"Sunrise Herb Seed","../assets/item_images/Sunrise Herb Seed.png","Base"
"Supreme Fancy Feather","../assets/item_images/Supreme Fancy Feather.png","Base"
"Supreme Fancy Reptile Skin","../assets/item_images/Supreme Fancy Reptile Skin.png","Base"
"Supreme Hard Hide","../assets/item_images/Supreme Hard Hide.png","Base"
"Supreme Lightweight Plume","../assets/item_images/Supreme Lightweight Plume.png","Base"
"Supreme Soft Hide","../assets/item_images/Supreme Soft Hide.png","Base"
"Supreme Thick Fur","../assets/item_images/Supreme Thick Fur.png","Base"
"Supreme Thin Hide","../assets/item_images/Supreme Thin Hide.png","Base"
"Supreme Tough Hide","../assets/item_images/Supreme Tough Hide.png","Base"
"Sweet Potato","../assets/item_images/Sweet Potato.png","Base"
"Sweet Potato Dough","../assets/item_images/Sweet Potato Dough.png","Base"
"Sweet Potato Flour","../assets/item_images/Sweet Potato Flour.png","Base"
"Teff","../assets/item_images/Teff.png","Base"
"Teff Flour","../assets/item_images/Teff Flour.png","Base"
"Teff Flour Dough","../assets/item_images/Teff Flour Dough.png","Base"
"Teff Seed","../assets/item_images/Teff Seed.png","Base"
"Thick Fur","../assets/item_images/Thick Fur.png","Base"
"Thin Hide","../assets/item_images/Thin Hide.png","Base"
"Thuja Plank","../assets/item_images/Thuja Plank.png","Base"
"Thuja Plywood","../assets/item_images/Thuja Plywood.png","Base"
"Thuja Sap","../assets/item_images/Thuja Sap.png","Base"
"Thuja Timber","../assets/item_images/Thuja Timber.png","Base"
"Tiger Mushroom","../assets/item_images/Tiger Mushroom.png","Base"
"Tiger Mushroom Hypha","../assets/item_images/Tiger Mushroom Hypha.png","Base"
"Tin Ingot","../assets/item_images/Tin Ingot.png","Base"
"Tin Ore","../assets/item_images/Tin Ore.png","Base"
"Titanium Ingot","../assets/item_images/Titanium Ingot.png","Base"
"Titanium Ore","../assets/item_images/Titanium Ore.png","Base"
"Tomato","../assets/item_images/Tomato.png","Base"
"Tomato Seed","../assets/item_images/Tomato Seed.png","Base"
"Topaz","../assets/item_images/Topaz.png","Base"
"Tough Flax Fabric","../assets/item_images/Tough Flax Fabric.png","Base"
"Tough Hide","../assets/item_images/Tough Hide.png","Base"
"Toxic Watermelon","../assets/item_images/Toxic Watermelon.png","Base"
"Trace of Ascension","../assets/item_images/Trace of Ascension.png","Base"
"Trace of Battle","../assets/item_images/Trace of Battle.png","Base"
"Trace of Chaos","../assets/item_images/Trace of Chaos.png","Base"
"Trace of Death","../assets/item_images/Trace of Death.png","Base"
"Trace of Despair","../assets/item_images/Trace of Despair.png","Base"
"Trace of Forest","../assets/item_images/Trace of Forest.png","Base"
"Trace of Hunting","../assets/item_images/Trace of Hunting.png","Base"
"Trace of Memory","../assets/item_images/Trace of Memory.png","Base"
"Trace of Origin","../assets/item_images/Trace of Origin.png","Base"
"Trace of Savagery","../assets/item_images/Trace of Savagery.png","Base"
"Trace of the Earth","../assets/item_images/Trace of the Earth.png","Base"
"Trace of Violence","../assets/item_images/Trace of Violence.png","Base"
"Trace of Wave","../assets/item_images/Trace of Wave.png","Base"
"Translucent Crystal","../assets/item_images/Translucent Crystal.png","Base"
"Troll Blood","../assets/item_images/Troll Blood.png","Base"
"Truffle Mushroom","../assets/item_images/Truffle Mushroom.png","Base"
"Tulip","../assets/item_images/Tulip.png","Base"
"Twilight Red Coral","../assets/item_images/Twilight Red Coral.png","Base"
"Tyrant's Blood","../assets/item_images/Tyrant's Blood.png","Base"
"Usable Scantling","../assets/item_images/Usable Scantling.png","Base"
"Vanadium Ingot","../assets/item_images/Vanadium Ingot.png","Base"
"Vanadium Ore","../assets/item_images/Vanadium Ore.png","Base"
"Vedelona","../assets/item_images/Vedelona.png","Base"
"Vinegar","../assets/item_images/Vinegar.png","Base"
"Violet Crystal","../assets/item_images/Violet Crystal.png","Base"
"Violet Flower","../assets/item_images/Violet Flower.png","Base"
"Volcanic Umbrella Mushroom","../assets/item_images/Volcanic Umbrella Mushroom.png","Base"
"Waragon Blood","../assets/item_images/Waragon Blood.png","Base"
"Waragon Hide","../assets/item_images/Waragon Hide.png","Base"
"Waragon Meat","../assets/item_images/Waragon Meat.png","Base"
"Weasel Blood","../assets/item_images/Weasel Blood.png","Base"
"Weasel Hide","../assets/item_images/Weasel Hide.png","Base"
"Weasel Meat","../assets/item_images/Weasel Meat.png","Base"
"Weeds","../assets/item_images/Weeds.png","Base"
"Wheat","../assets/item_images/Wheat.png","Base"
"Wheat Dough","../assets/item_images/Wheat Dough.png","Base"
"Wheat Flour","../assets/item_images/Wheat Flour.png","Base"
"Wheat Seed","../assets/item_images/Wheat Seed.png","Base"
"White Cedar Plank","../assets/item_images/White Cedar Plank.png","Base"
"White Cedar Plywood","../assets/item_images/White Cedar Plywood.png","Base"
"White Cedar Sap","../assets/item_images/White Cedar Sap.png","Base"
"White Cedar Timber","../assets/item_images/White Cedar Timber.png","Base"
"White Coral","../assets/item_images/White Coral.png","Base"
"White Flower Mushroom","../assets/item_images/White Flower Mushroom.png","Base"
"White Sauce","../assets/item_images/White Sauce.png","Base"
"White Umbrella Mushroom","../assets/item_images/White Umbrella Mushroom.png","Base"
"Wild Beehive","../assets/item_images/Wild Beehive.png","Base"
"Wild Grass","../assets/item_images/Wild Grass.png","Base"
"Wise Man's Blood","../assets/item_images/Wise Man's Blood.png","Base"
"Withered Acacia Seed","../assets/item_images/Withered Acacia Seed.png","Base"
"Withered Grape Seed","../assets/item_images/Withered Grape Seed.png","Base"
"Withered Sunrise Herb Seed","../assets/item_images/Withered Sunrise Herb Seed.png","Base"
"Withered Wheat Seed","../assets/item_images/Withered Wheat Seed.png","Base"
"Wolf Blood","../assets/item_images/Wolf Blood.png","Base"
"Wolf Hide","../assets/item_images/Wolf Hide.png","Base"
"Wolf Meat","../assets/item_images/Wolf Meat.png","Base"
"Wool","../assets/item_images/Wool.png","Base"
"Worm Blood","../assets/item_images/Worm Blood.png","Base"
"Worm Hide","../assets/item_images/Worm Hide.png","Base"
"Worm Meat","../assets/item_images/Worm Meat.png","Base"
"Yak Blood","../assets/item_images/Yak Blood.png","Base"
"Yak Hide","../assets/item_images/Yak Hide.png","Base"
"Yak Meat","../assets/item_images/Yak Meat.png","Base"
"Yellow Flower","../assets/item_images/Yellow Flower.png","Base"
"Zinc Ingot","../assets/item_images/Zinc Ingot.png","Base"
"Zinc Ore","../assets/item_images/Zinc Ore.png","Base"